question,answer,url
Как быстро стартуем?,"+ Обычно 1–2 дня на бриф и план, далее спринтами по 3–5 дней.",https://meff.netlify.app/
Как сдаёшь результат?,"+ Демо-бот/видео, README с запуском, короткая Loom-презентация.",https://meff.netlify.app/
Оплата и договор?,"+ Фикс/почасовая, 30–50% предоплата. Договор/счёт при необходимости. Написать мне Имя Email Сообщение Отправить Telegram",https://meff.netlify.app/
Что входит: Телеграм-боты?,"TG-бот для компании (FAQ/поддержка) Ответы 24/7 по базе знаний, эскалация оператору. RAG Admin Обсудить TG-бот-магазин Каталог, корзина, оплаты, статусы. ЮKassa/Stripe WebApp Обсудить TG-бот с нейросетью Диалоги, память, работа с медиа. ChatGPT Обсудить Запись/заявки в TG Формы, календари, интеграция с CRM. Google CRM Обсудить Обучающие боты Курсы, квизы, статистика прогресса. Gamification Обсудить Интеграции/автоматизация Таблицы, веб-хуки, очереди. TypeScript PostgreSQL Обсудить",https://meff.netlify.app/
Что входит: TG-бот для компании (FAQ/поддержка)?,"Ответы 24/7 по базе знаний, эскалация оператору. RAG Admin Обсудить",https://meff.netlify.app/
Что входит: TG-бот-магазин?,"Каталог, корзина, оплаты, статусы. ЮKassa/Stripe WebApp Обсудить",https://meff.netlify.app/
Что входит: TG-бот с нейросетью?,"Диалоги, память, работа с медиа. ChatGPT Обсудить",https://meff.netlify.app/
Что входит: Запись/заявки в TG?,"Формы, календари, интеграция с CRM. Google CRM Обсудить",https://meff.netlify.app/
Что входит: Обучающие боты?,"Курсы, квизы, статистика прогресса. Gamification Обсудить",https://meff.netlify.app/
Что входит: Интеграции/автоматизация?,"Таблицы, веб-хуки, очереди. TypeScript PostgreSQL Обсудить",https://meff.netlify.app/
Что входит: Видеомонтаж?,"Вертикальные клипы Reels/TikTok/Shorts с быстрым темпом. 9:16 Hook Обсудить Рекламный ролик 15–60 сек Сценарий, монтаж, титры, звук. CTR A/B Обсудить YouTube 5–12 мин Структура, цветокор, субтитры. 16:9 Branding Обсудить Монтаж подкаста Чистка шума, нормализация, джинглы. Audio Обсудить Субтитры/капшены Авто-распознавание + правка. Auto-CC Обсудить Цвет/звук/саунд-дизайн Единый стиль и динамика. LUT EQ Обсудить",https://meff.netlify.app/
Что входит: Вертикальные клипы?,Reels/TikTok/Shorts с быстрым темпом. 9:16 Hook Обсудить,https://meff.netlify.app/
Что входит: Рекламный ролик 15–60 сек?,"Сценарий, монтаж, титры, звук. CTR A/B Обсудить",https://meff.netlify.app/
Что входит: YouTube 5–12 мин?,"Структура, цветокор, субтитры. 16:9 Branding Обсудить",https://meff.netlify.app/
Что входит: Монтаж подкаста?,"Чистка шума, нормализация, джинглы. Audio Обсудить",https://meff.netlify.app/
Что входит: Субтитры/капшены?,Авто-распознавание + правка. Auto-CC Обсудить,https://meff.netlify.app/
Что входит: Цвет/звук/саунд-дизайн?,Единый стиль и динамика. LUT EQ Обсудить,https://meff.netlify.app/
Что входит: Обложки и графика?,"YouTube превью Кликабельные, читаемые, под бренд. CTR Заказать Шапки VK/Telegram Чистая типографика и композиция. Header Заказать Обложки подкаста Единый стиль, серии форматов. Podcast Заказать Карточки маркетплейса Инфографика + фото/рендер. Marketplace Заказать Баннеры сайта Герои, промо, адаптив. Web Заказать Пак бренд-ассетов Шрифты, цвета, паттерны. Brand Заказать",https://meff.netlify.app/
Что входит: YouTube превью?,"Кликабельные, читаемые, под бренд. CTR Заказать",https://meff.netlify.app/
Что входит: Шапки VK/Telegram?,Чистая типографика и композиция. Header Заказать,https://meff.netlify.app/
Что входит: Обложки подкаста?,"Единый стиль, серии форматов. Podcast Заказать",https://meff.netlify.app/
Что входит: Карточки маркетплейса?,Инфографика + фото/рендер. Marketplace Заказать,https://meff.netlify.app/
Что входит: Баннеры сайта?,"Герои, промо, адаптив. Web Заказать",https://meff.netlify.app/
Что входит: Пак бренд-ассетов?,"Шрифты, цвета, паттерны. Brand Заказать",https://meff.netlify.app/
Что входит: Нейросети и автоматизация?,"Генерация изображений Ключ-визуалы, иллюстрации, вариации. AI Art Обсудить Улучшение фото/ретушь Супер-рез, шум, освещение. Enhance Обсудить RAG-поиск по документам Знания компании в чат-боте. RAG Обсудить Автоматизация процессов Скрипты, пайплайны, интеграции. Automation Обсудить Настройка/обучение моделей Под задачу, с метриками. Tuning Обсудить Встраивание AI в сайт/бот Диалоги, генерация, персонализация. Full-stack AI Обсудить",https://meff.netlify.app/
Что входит: Генерация изображений?,"Ключ-визуалы, иллюстрации, вариации. AI Art Обсудить",https://meff.netlify.app/
Что входит: Улучшение фото/ретушь?,"Супер-рез, шум, освещение. Enhance Обсудить",https://meff.netlify.app/
Что входит: RAG-поиск по документам?,Знания компании в чат-боте. RAG Обсудить,https://meff.netlify.app/
Что входит: Автоматизация процессов?,"Скрипты, пайплайны, интеграции. Automation Обсудить",https://meff.netlify.app/
Что входит: Настройка/обучение моделей?,"Под задачу, с метриками. Tuning Обсудить",https://meff.netlify.app/
Что входит: Встраивание AI в сайт/бот?,"Диалоги, генерация, персонализация. Full-stack AI Обсудить",https://meff.netlify.app/
